VehiculoID,URL
1,Frente.jpeg
1,Costado.jpeg
1,Trasera.jpeg
2,Costado.jpeg
2,Costado_2.jpeg
2,Frente.jpeg
2,Frente_2.jpeg
3,Costado.jpeg
3,Costado_2.jpeg
3,Trasera.jpeg
4,Frente.jpeg
4,Trasera.jpeg
4,Costado.jpeg
4,Costado_2.jpeg
5,Frente.jpeg
5,Costado.jpeg
5,Costado_2.jpeg
6,Trasera.jpeg
6,Trasera_2.jpeg
6,Costado.jpeg
7,Frente.jpeg
7,Trasera.jpeg
7,Costado.jpeg
8,Frente.jpeg
8,Trasera.jpeg
8,Costado.jpeg
9,Frente.jpeg
9,Trasera.jpeg
9,Costado.jpeg
10,Frente.jpeg
10,Frente_2.jpeg
10,Costado.jpeg
11,Costado.jpeg
11,Frente.jpeg
11,Trasera.jpeg
12,Frente.jpeg
12,Frente_2.jpeg
12,Costado.jpeg
13,Frente.jpeg
13,Trasera.jpeg
13,Costado.jpeg
14,Frente.jpeg
14,Trasera.jpeg
14,Costado.jpeg
15,Frente.jpeg
15,Trasera.jpeg
15,Costado.jpeg
16,Frente.jpeg
16,Trasera.jpeg
16,Costado.jpeg
17,Frente.jpeg
17,Trasera.jpeg
17,Costado.jpeg
18,Frente.jpeg
18,Trasera.jpeg
18,Costado.jpeg
19,Frente.jpeg
19,Trasera.jpeg
19,Costado.jpeg
20,Frente.jpeg
20,Trasera.jpeg
20,Costado.jpeg
20,Costado_2.jpeg
21,Frente.jpeg
21,Trasera.jpeg
21,Costado.jpeg
21,Costado_2.jpeg
22,Frente.jpeg
22,Costado.jpeg
22,Costado_2.jpeg
22,Costado_3.jpeg
23,Frente.jpeg
23,Trasera.jpeg
23,Costado.jpeg
23,Costado_2.jpeg
24,Frente.jpeg
24,Trasera.jpeg
24,Costado.jpeg
24,Costado_2.jpeg
25,Trasera.jpeg
25,Costado.jpeg
25,Costado_2.jpeg
26,Frente.jpeg
26,Trasera.jpeg
26,Costado.jpeg
26,Costado_2.jpeg
27,Costado.jpeg
27,Trasera.jpeg
27,Trasera_2.jpeg
28,Frente.jpeg
28,Trasera.jpeg
28,Costado.jpeg
28,Costado_2.jpeg
29,Costado.jpeg
30,Frente.jpeg
30,Costado.jpeg
30,Costado_2.jpeg
31,Interior.jpeg
31,Trasera.jpeg
31,Costado.jpeg
31,Costado_2.jpeg
32,Frente.jpeg
32,Trasera.jpeg
32,Costado.jpeg
32,Costado_2.jpeg
33,Frente.jpeg
33,Trasera.jpeg
33,Costado.jpeg
34,Costado.jpeg
34,Trasera.jpeg
35,Frente.jpeg
35,Trasera.jpeg
35,Costado.jpeg
35,Costado_2.jpeg
36,Frente.jpeg
36,Trasera.jpeg
36,Costado.jpeg
36,Costado_2.jpeg
37,Frente.jpeg
37,Frente_2.jpeg
37,Costado.jpeg
37,Costado_2.jpeg
38,Trasera.jpeg
38,Costado.jpeg
39,Frente.jpeg
39,Costado.jpeg
39,Costado_2.jpeg
40,Frente.jpeg
40,Trasera.jpeg
40,Costado.jpeg
41,Frente.jpeg
41,Trasera.jpeg
41,Costado.jpeg